[{"pk": 1, "fields": {"app_label": "cms", "model": "placeholder"}, "model": "contenttypes.contenttype"}, {"pk": 2, "fields": {"app_label": "cms", "model": "page"}, "model": "contenttypes.contenttype"}, {"pk": 3, "fields": {"app_label": "auth", "model": "permission"}, "model": "contenttypes.contenttype"}, {"pk": 4, "fields": {"app_label": "auth", "model": "group"}, "model": "contenttypes.contenttype"}, {"pk": 5, "fields": {"app_label": "auth", "model": "user"}, "model": "contenttypes.contenttype"}, {"pk": 6, "fields": {"app_label": "contenttypes", "model": "contenttype"}, "model": "contenttypes.contenttype"}, {"pk": 7, "fields": {"app_label": "sessions", "model": "session"}, "model": "contenttypes.contenttype"}, {"pk": 8, "fields": {"app_label": "admin", "model": "logentry"}, "model": "contenttypes.contenttype"}, {"pk": 9, "fields": {"app_label": "sites", "model": "site"}, "model": "contenttypes.contenttype"}, {"pk": 10, "fields": {"app_label": "django_comments", "model": "comment"}, "model": "contenttypes.contenttype"}, {"pk": 11, "fields": {"app_label": "django_comments", "model": "commentflag"}, "model": "contenttypes.contenttype"}, {"pk": 12, "fields": {"app_label": "cms", "model": "usersettings"}, "model": "contenttypes.contenttype"}, {"pk": 13, "fields": {"app_label": "cms", "model": "globalpagepermission"}, "model": "contenttypes.contenttype"}, {"pk": 14, "fields": {"app_label": "cms", "model": "pagepermission"}, "model": "contenttypes.contenttype"}, {"pk": 15, "fields": {"app_label": "cms", "model": "pageuser"}, "model": "contenttypes.contenttype"}, {"pk": 16, "fields": {"app_label": "cms", "model": "pageusergroup"}, "model": "contenttypes.contenttype"}, {"pk": 17, "fields": {"app_label": "cms", "model": "cmsplugin"}, "model": "contenttypes.contenttype"}, {"pk": 18, "fields": {"app_label": "cms", "model": "title"}, "model": "contenttypes.contenttype"}, {"pk": 19, "fields": {"app_label": "cms", "model": "placeholderreference"}, "model": "contenttypes.contenttype"}, {"pk": 20, "fields": {"app_label": "cms", "model": "staticplaceholder"}, "model": "contenttypes.contenttype"}, {"pk": 21, "fields": {"app_label": "cms", "model": "aliaspluginmodel"}, "model": "contenttypes.contenttype"}, {"pk": 22, "fields": {"app_label": "cms", "model": "urlconfrevision"}, "model": "contenttypes.contenttype"}, {"pk": 23, "fields": {"app_label": "menus", "model": "cachekey"}, "model": "contenttypes.contenttype"}, {"pk": 24, "fields": {"app_label": "djangocms_text_ckeditor", "model": "text"}, "model": "contenttypes.contenttype"}, {"pk": 25, "fields": {"app_label": "filer", "model": "folder"}, "model": "contenttypes.contenttype"}, {"pk": 26, "fields": {"app_label": "filer", "model": "folderpermission"}, "model": "contenttypes.contenttype"}, {"pk": 27, "fields": {"app_label": "filer", "model": "file"}, "model": "contenttypes.contenttype"}, {"pk": 28, "fields": {"app_label": "filer", "model": "clipboard"}, "model": "contenttypes.contenttype"}, {"pk": 29, "fields": {"app_label": "filer", "model": "clipboarditem"}, "model": "contenttypes.contenttype"}, {"pk": 30, "fields": {"app_label": "filer", "model": "image"}, "model": "contenttypes.contenttype"}, {"pk": 31, "fields": {"app_label": "filer", "model": "thumbnailoption"}, "model": "contenttypes.contenttype"}, {"pk": 32, "fields": {"app_label": "easy_thumbnails", "model": "source"}, "model": "contenttypes.contenttype"}, {"pk": 33, "fields": {"app_label": "easy_thumbnails", "model": "thumbnail"}, "model": "contenttypes.contenttype"}, {"pk": 34, "fields": {"app_label": "easy_thumbnails", "model": "thumbnaildimensions"}, "model": "contenttypes.contenttype"}, {"pk": 35, "fields": {"app_label": "cmsplugin_filer_file", "model": "filerfile"}, "model": "contenttypes.contenttype"}, {"pk": 36, "fields": {"app_label": "cmsplugin_filer_folder", "model": "filerfolder"}, "model": "contenttypes.contenttype"}, {"pk": 37, "fields": {"app_label": "cmsplugin_filer_image", "model": "filerimage"}, "model": "contenttypes.contenttype"}, {"pk": 38, "fields": {"app_label": "cmsplugin_filer_video", "model": "filervideo"}, "model": "contenttypes.contenttype"}, {"pk": 39, "fields": {"app_label": "djangocms_style", "model": "style"}, "model": "contenttypes.contenttype"}, {"pk": 40, "fields": {"app_label": "djangocms_snippet", "model": "snippet"}, "model": "contenttypes.contenttype"}, {"pk": 41, "fields": {"app_label": "djangocms_snippet", "model": "snippetptr"}, "model": "contenttypes.contenttype"}, {"pk": 42, "fields": {"app_label": "djangocms_column", "model": "multicolumns"}, "model": "contenttypes.contenttype"}, {"pk": 43, "fields": {"app_label": "djangocms_column", "model": "column"}, "model": "contenttypes.contenttype"}, {"pk": 44, "fields": {"app_label": "djangocms_link", "model": "link"}, "model": "contenttypes.contenttype"}, {"pk": 45, "fields": {"app_label": "djangocms_file", "model": "file"}, "model": "contenttypes.contenttype"}, {"pk": 46, "fields": {"app_label": "djangocms_file", "model": "folder"}, "model": "contenttypes.contenttype"}, {"pk": 47, "fields": {"app_label": "djangocms_picture", "model": "picture"}, "model": "contenttypes.contenttype"}, {"pk": 48, "fields": {"app_label": "djangocms_googlemap", "model": "googlemap"}, "model": "contenttypes.contenttype"}, {"pk": 49, "fields": {"app_label": "djangocms_googlemap", "model": "googlemapmarker"}, "model": "contenttypes.contenttype"}, {"pk": 50, "fields": {"app_label": "djangocms_googlemap", "model": "googlemaproute"}, "model": "contenttypes.contenttype"}, {"pk": 51, "fields": {"app_label": "djangocms_video", "model": "videoplayer"}, "model": "contenttypes.contenttype"}, {"pk": 52, "fields": {"app_label": "djangocms_video", "model": "videosource"}, "model": "contenttypes.contenttype"}, {"pk": 53, "fields": {"app_label": "djangocms_video", "model": "videotrack"}, "model": "contenttypes.contenttype"}, {"pk": 54, "fields": {"app_label": "djangocms_flash", "model": "flash"}, "model": "contenttypes.contenttype"}, {"pk": 55, "fields": {"app_label": "photoblog_plugins", "model": "my_pictures"}, "model": "contenttypes.contenttype"}, {"pk": 56, "fields": {"app_label": "photoblog_plugins", "model": "image_link_new"}, "model": "contenttypes.contenttype"}, {"pk": 57, "fields": {"app_label": "photoblog_plugins", "model": "footer_new"}, "model": "contenttypes.contenttype"}, {"pk": 58, "fields": {"app_label": "photoblog_plugins", "model": "galary"}, "model": "contenttypes.contenttype"}, {"pk": 59, "fields": {"app_label": "photoblog_plugins", "model": "carousel"}, "model": "contenttypes.contenttype"}, {"pk": 60, "fields": {"app_label": "blog", "model": "post"}, "model": "contenttypes.contenttype"}, {"pk": 61, "fields": {"app_label": "blog", "model": "category"}, "model": "contenttypes.contenttype"}, {"pk": 62, "fields": {"app_label": "gallery", "model": "photolandscape"}, "model": "contenttypes.contenttype"}, {"pk": 63, "fields": {"app_label": "gallery", "model": "photostreet"}, "model": "contenttypes.contenttype"}, {"pk": 64, "fields": {"app_label": "gallery", "model": "photoportrait"}, "model": "contenttypes.contenttype"}, {"pk": "c0ey2g8sta40a13q7t93x4t0y5bwrgvf", "fields": {"expire_date": "2017-11-07T08:20:31.818Z", "session_data": "ZTgzMjUzZDgzMWQwZGZkZDg4MGJmN2VmMmQ4MjYwMjIyNmMxNmQ3OTp7ImNtc19lZGl0Ijp0cnVlLCJ3aXphcmRfd2l6YXJkX2NyZWF0ZV92aWV3Ijp7InN0ZXBfZGF0YSI6e30sInN0ZXAiOiIwIiwic3RlcF9maWxlcyI6e30sImV4dHJhX2RhdGEiOnt9fSwiX2F1dGhfdXNlcl9iYWNrZW5kIjoiZGphbmdvLmNvbnRyaWIuYXV0aC5iYWNrZW5kcy5Nb2RlbEJhY2tlbmQiLCJfYXV0aF91c2VyX2hhc2giOiJiMTdjYmRjYjgyMGIzZTlhZThlNWY3MWI4ZjExMzllZGU1NTIyZjEwIiwiY21zX3Rvb2xiYXJfZGlzYWJsZWQiOmZhbHNlLCJfYXV0aF91c2VyX2lkIjoiMSIsImNtc19hZG1pbl9zaXRlIjoxfQ=="}, "model": "sessions.session"}, {"pk": "e0zez2iga4ebwy6ystowzklp2b1mcyvr", "fields": {"expire_date": "2017-11-06T16:33:41.393Z", "session_data": "MmFkMGQ5ZTkzN2JhMzE0MGQxODJjZjA5ZTI1YjdlM2FiZjU2ZGY2Zjp7Il9hdXRoX3VzZXJfaWQiOiIxIiwiX2F1dGhfdXNlcl9iYWNrZW5kIjoiZGphbmdvLmNvbnRyaWIuYXV0aC5iYWNrZW5kcy5Nb2RlbEJhY2tlbmQiLCJjbXNfZWRpdCI6dHJ1ZSwiX2F1dGhfdXNlcl9oYXNoIjoiYjE3Y2JkY2I4MjBiM2U5YWU4ZTVmNzFiOGYxMTM5ZWRlNTUyMmYxMCIsImNtc190b29sYmFyX2Rpc2FibGVkIjpmYWxzZSwid2l6YXJkX3dpemFyZF9jcmVhdGVfdmlldyI6eyJzdGVwIjoiMCIsImV4dHJhX2RhdGEiOnt9LCJzdGVwX2ZpbGVzIjp7fSwic3RlcF9kYXRhIjp7fX19"}, "model": "sessions.session"}, {"pk": "edfvgmdaw8gbp1esvixx8g1ght3gow42", "fields": {"expire_date": "2017-12-25T14:46:12.213Z", "session_data": "ZDU4YjZjYWJkYWNlMTI3M2U4N2JhNjMwMmE5ZGUzODdjNTQ0NjJmNzp7Il9hdXRoX3VzZXJfYmFja2VuZCI6ImRqYW5nby5jb250cmliLmF1dGguYmFja2VuZHMuTW9kZWxCYWNrZW5kIiwiY21zX3Rvb2xiYXJfZGlzYWJsZWQiOmZhbHNlLCJjbXNfZWRpdCI6dHJ1ZSwiX2F1dGhfdXNlcl9oYXNoIjoiYjE3Y2JkY2I4MjBiM2U5YWU4ZTVmNzFiOGYxMTM5ZWRlNTUyMmYxMCIsImNtc19hZG1pbl9zaXRlIjoxLCJfYXV0aF91c2VyX2lkIjoiMSJ9"}, "model": "sessions.session"}, {"pk": "uplxxdnr4q1e0pxz8eu81kgpgch5pach", "fields": {"expire_date": "2017-11-07T12:10:53.113Z", "session_data": "NmY0YTZiZTFlNDQ5YzgzYTQzOWViZWMyYmE2YTUwZDJiNTNlN2JlMDp7Il9hdXRoX3VzZXJfaWQiOiIxIiwiX2F1dGhfdXNlcl9oYXNoIjoiMTRlNWU5NTViMDAxMzQ4YzUxOWNhNjdiYzM1MGM0Y2Y2ZTYwMmQ1YyIsIl9hdXRoX3VzZXJfYmFja2VuZCI6ImRqYW5nby5jb250cmliLmF1dGguYmFja2VuZHMuTW9kZWxCYWNrZW5kIn0="}, "model": "sessions.session"}, {"pk": 1, "fields": {"domain": "example.com", "name": "example.com"}, "model": "sites.site"}, {"pk": 1, "fields": {"revision_id": 0, "parent": null, "soft_root": false, "changed_date": "2017-10-24T08:17:25.457Z", "reverse_id": null, "publication_end_date": null, "site": 1, "login_required": false, "application_namespace": null, "navigation_extenders": null, "placeholders": [2, 3], "limit_visibility_in_menu": null, "created_by": "script", "changed_by": "admin", "publication_date": "2017-10-24T08:13:14.403Z", "template": "INHERIT", "numchild": 0, "depth": 1, "is_home": true, "in_navigation": true, "publisher_public": 2, "languages": "en", "application_urls": null, "path": "0001", "publisher_is_draft": true, "creation_date": "2017-10-24T08:13:14.089Z", "xframe_options": 0}, "model": "cms.page"}, {"pk": 2, "fields": {"revision_id": 0, "parent": null, "soft_root": false, "changed_date": "2017-10-24T08:17:25.426Z", "reverse_id": null, "publication_end_date": null, "site": 1, "login_required": false, "application_namespace": null, "navigation_extenders": null, "placeholders": [4, 5], "limit_visibility_in_menu": null, "created_by": "script", "changed_by": "admin", "publication_date": "2017-10-24T08:13:14.403Z", "template": "INHERIT", "numchild": 0, "depth": 1, "is_home": true, "in_navigation": true, "publisher_public": 1, "languages": "en", "application_urls": null, "path": "0002", "publisher_is_draft": false, "creation_date": "2017-10-24T08:13:14.411Z", "xframe_options": 0}, "model": "cms.page"}, {"pk": 3, "fields": {"revision_id": 0, "parent": null, "soft_root": false, "changed_date": "2017-10-24T08:17:19.881Z", "reverse_id": null, "publication_end_date": null, "site": 1, "login_required": false, "application_namespace": "blog", "navigation_extenders": "", "placeholders": [10, 11], "limit_visibility_in_menu": null, "created_by": "script", "changed_by": "admin", "publication_date": "2017-10-24T08:17:19.775Z", "template": "INHERIT", "numchild": 0, "depth": 1, "is_home": false, "in_navigation": true, "publisher_public": 5, "languages": "en", "application_urls": "BlogApp", "path": "0003", "publisher_is_draft": true, "creation_date": "2017-10-24T08:13:38.128Z", "xframe_options": 0}, "model": "cms.page"}, {"pk": 4, "fields": {"revision_id": 0, "parent": null, "soft_root": false, "changed_date": "2017-10-24T08:17:25.439Z", "reverse_id": null, "publication_end_date": null, "site": 1, "login_required": false, "application_namespace": "gallery", "navigation_extenders": "", "placeholders": [12, 13], "limit_visibility_in_menu": null, "created_by": "script", "changed_by": "admin", "publication_date": "2017-10-24T08:17:25.339Z", "template": "INHERIT", "numchild": 3, "depth": 1, "is_home": false, "in_navigation": true, "publisher_public": 6, "languages": "en", "application_urls": "GalleryApp", "path": "0005", "publisher_is_draft": true, "creation_date": "2017-10-24T08:14:26.308Z", "xframe_options": 0}, "model": "cms.page"}, {"pk": 5, "fields": {"revision_id": 0, "parent": null, "soft_root": false, "changed_date": "2017-10-24T08:17:19.849Z", "reverse_id": null, "publication_end_date": null, "site": 1, "login_required": false, "application_namespace": "blog", "navigation_extenders": "", "placeholders": [14, 15], "limit_visibility_in_menu": null, "created_by": "admin", "changed_by": "admin", "publication_date": "2017-10-24T08:17:19.775Z", "template": "INHERIT", "numchild": 0, "depth": 1, "is_home": false, "in_navigation": true, "publisher_public": 3, "languages": "en", "application_urls": "BlogApp", "path": "0004", "publisher_is_draft": false, "creation_date": "2017-10-24T08:17:19.781Z", "xframe_options": 0}, "model": "cms.page"}, {"pk": 6, "fields": {"revision_id": 0, "parent": null, "soft_root": false, "changed_date": "2017-10-24T08:17:25.407Z", "reverse_id": null, "publication_end_date": null, "site": 1, "login_required": false, "application_namespace": "gallery", "navigation_extenders": "", "placeholders": [16, 17], "limit_visibility_in_menu": null, "created_by": "admin", "changed_by": "admin", "publication_date": "2017-10-24T08:17:25.339Z", "template": "INHERIT", "numchild": 3, "depth": 1, "is_home": false, "in_navigation": true, "publisher_public": 4, "languages": "en", "application_urls": "GalleryApp", "path": "0006", "publisher_is_draft": false, "creation_date": "2017-10-24T08:17:25.344Z", "xframe_options": 0}, "model": "cms.page"}, {"pk": 7, "fields": {"revision_id": 0, "parent": 4, "soft_root": false, "changed_date": "2017-10-24T08:18:37.378Z", "reverse_id": null, "publication_end_date": null, "site": 1, "login_required": false, "application_namespace": "photo portrait", "navigation_extenders": "", "placeholders": [18, 19], "limit_visibility_in_menu": null, "created_by": "admin", "changed_by": "admin", "publication_date": "2017-10-24T08:18:37.298Z", "template": "INHERIT", "numchild": 0, "depth": 2, "is_home": false, "in_navigation": true, "publisher_public": 8, "languages": "en", "application_urls": "GalleryApp", "path": "00050001", "publisher_is_draft": true, "creation_date": "2017-10-24T08:18:13.297Z", "xframe_options": 0}, "model": "cms.page"}, {"pk": 8, "fields": {"revision_id": 0, "parent": 6, "soft_root": false, "changed_date": "2017-10-24T08:18:37.365Z", "reverse_id": null, "publication_end_date": null, "site": 1, "login_required": false, "application_namespace": "photo portrait", "navigation_extenders": "", "placeholders": [20, 21], "limit_visibility_in_menu": null, "created_by": "admin", "changed_by": "admin", "publication_date": "2017-10-24T08:18:37.298Z", "template": "INHERIT", "numchild": 0, "depth": 2, "is_home": false, "in_navigation": true, "publisher_public": 7, "languages": "en", "application_urls": "GalleryApp", "path": "00060001", "publisher_is_draft": false, "creation_date": "2017-10-24T08:18:37.303Z", "xframe_options": 0}, "model": "cms.page"}, {"pk": 9, "fields": {"revision_id": 0, "parent": 4, "soft_root": false, "changed_date": "2017-10-24T08:19:36.548Z", "reverse_id": null, "publication_end_date": null, "site": 1, "login_required": false, "application_namespace": "photo street", "navigation_extenders": "", "placeholders": [22, 23], "limit_visibility_in_menu": null, "created_by": "admin", "changed_by": "admin", "publication_date": "2017-10-24T08:19:36.468Z", "template": "INHERIT", "numchild": 0, "depth": 2, "is_home": false, "in_navigation": true, "publisher_public": 10, "languages": "en", "application_urls": "GalleryApp", "path": "00050002", "publisher_is_draft": true, "creation_date": "2017-10-24T08:19:16.067Z", "xframe_options": 0}, "model": "cms.page"}, {"pk": 10, "fields": {"revision_id": 0, "parent": 6, "soft_root": false, "changed_date": "2017-10-24T08:19:36.533Z", "reverse_id": null, "publication_end_date": null, "site": 1, "login_required": false, "application_namespace": "photo street", "navigation_extenders": "", "placeholders": [24, 25], "limit_visibility_in_menu": null, "created_by": "admin", "changed_by": "admin", "publication_date": "2017-10-24T08:19:36.468Z", "template": "INHERIT", "numchild": 0, "depth": 2, "is_home": false, "in_navigation": true, "publisher_public": 9, "languages": "en", "application_urls": "GalleryApp", "path": "00060002", "publisher_is_draft": false, "creation_date": "2017-10-24T08:19:36.474Z", "xframe_options": 0}, "model": "cms.page"}, {"pk": 11, "fields": {"revision_id": 0, "parent": 4, "soft_root": false, "changed_date": "2017-10-24T08:20:29.708Z", "reverse_id": null, "publication_end_date": null, "site": 1, "login_required": false, "application_namespace": "photo landscape", "navigation_extenders": "", "placeholders": [26, 27], "limit_visibility_in_menu": null, "created_by": "admin", "changed_by": "admin", "publication_date": "2017-10-24T08:20:29.629Z", "template": "INHERIT", "numchild": 0, "depth": 2, "is_home": false, "in_navigation": true, "publisher_public": 12, "languages": "en", "application_urls": "GalleryApp", "path": "00050003", "publisher_is_draft": true, "creation_date": "2017-10-24T08:20:04.507Z", "xframe_options": 0}, "model": "cms.page"}, {"pk": 12, "fields": {"revision_id": 0, "parent": 6, "soft_root": false, "changed_date": "2017-10-24T08:20:29.694Z", "reverse_id": null, "publication_end_date": null, "site": 1, "login_required": false, "application_namespace": "photo landscape", "navigation_extenders": "", "placeholders": [28, 29], "limit_visibility_in_menu": null, "created_by": "admin", "changed_by": "admin", "publication_date": "2017-10-24T08:20:29.629Z", "template": "INHERIT", "numchild": 0, "depth": 2, "is_home": false, "in_navigation": true, "publisher_public": 11, "languages": "en", "application_urls": "GalleryApp", "path": "00060003", "publisher_is_draft": false, "creation_date": "2017-10-24T08:20:29.635Z", "xframe_options": 0}, "model": "cms.page"}, {"pk": 1, "fields": {"default_width": null, "slot": "clipboard"}, "model": "cms.placeholder"}, {"pk": 2, "fields": {"default_width": null, "slot": "club_info"}, "model": "cms.placeholder"}, {"pk": 3, "fields": {"default_width": null, "slot": "video"}, "model": "cms.placeholder"}, {"pk": 4, "fields": {"default_width": null, "slot": "club_info"}, "model": "cms.placeholder"}, {"pk": 5, "fields": {"default_width": null, "slot": "video"}, "model": "cms.placeholder"}, {"pk": 6, "fields": {"default_width": null, "slot": "logo"}, "model": "cms.placeholder"}, {"pk": 7, "fields": {"default_width": null, "slot": "logo"}, "model": "cms.placeholder"}, {"pk": 8, "fields": {"default_width": null, "slot": "footer"}, "model": "cms.placeholder"}, {"pk": 9, "fields": {"default_width": null, "slot": "footer"}, "model": "cms.placeholder"}, {"pk": 10, "fields": {"default_width": null, "slot": "club_info"}, "model": "cms.placeholder"}, {"pk": 11, "fields": {"default_width": null, "slot": "video"}, "model": "cms.placeholder"}, {"pk": 12, "fields": {"default_width": null, "slot": "club_info"}, "model": "cms.placeholder"}, {"pk": 13, "fields": {"default_width": null, "slot": "video"}, "model": "cms.placeholder"}, {"pk": 14, "fields": {"default_width": null, "slot": "club_info"}, "model": "cms.placeholder"}, {"pk": 15, "fields": {"default_width": null, "slot": "video"}, "model": "cms.placeholder"}, {"pk": 16, "fields": {"default_width": null, "slot": "club_info"}, "model": "cms.placeholder"}, {"pk": 17, "fields": {"default_width": null, "slot": "video"}, "model": "cms.placeholder"}, {"pk": 18, "fields": {"default_width": null, "slot": "club_info"}, "model": "cms.placeholder"}, {"pk": 19, "fields": {"default_width": null, "slot": "video"}, "model": "cms.placeholder"}, {"pk": 20, "fields": {"default_width": null, "slot": "club_info"}, "model": "cms.placeholder"}, {"pk": 21, "fields": {"default_width": null, "slot": "video"}, "model": "cms.placeholder"}, {"pk": 22, "fields": {"default_width": null, "slot": "club_info"}, "model": "cms.placeholder"}, {"pk": 23, "fields": {"default_width": null, "slot": "video"}, "model": "cms.placeholder"}, {"pk": 24, "fields": {"default_width": null, "slot": "club_info"}, "model": "cms.placeholder"}, {"pk": 25, "fields": {"default_width": null, "slot": "video"}, "model": "cms.placeholder"}, {"pk": 26, "fields": {"default_width": null, "slot": "club_info"}, "model": "cms.placeholder"}, {"pk": 27, "fields": {"default_width": null, "slot": "video"}, "model": "cms.placeholder"}, {"pk": 28, "fields": {"default_width": null, "slot": "club_info"}, "model": "cms.placeholder"}, {"pk": 29, "fields": {"default_width": null, "slot": "video"}, "model": "cms.placeholder"}, {"pk": 1, "fields": {"position": 0, "changed_date": "2017-12-11T14:41:34.568Z", "language": "en", "path": "0001", "numchild": 0, "creation_date": "2017-10-24T08:21:49.092Z", "parent": null, "depth": 1, "placeholder": 2, "plugin_type": "Carousel_Plugin"}, "model": "cms.cmsplugin"}, {"pk": 2, "fields": {"position": 0, "changed_date": "2017-12-11T14:43:40.070Z", "language": "en", "path": "0002", "numchild": 0, "creation_date": "2017-12-11T14:43:40.049Z", "parent": null, "depth": 1, "placeholder": 8, "plugin_type": "Footer_Plugin"}, "model": "cms.cmsplugin"}, {"pk": 1, "fields": {"title": "Home", "meta_description": null, "menu_title": null, "slug": "home", "publisher_state": 1, "redirect": null, "path": "", "publisher_public": 2, "page_title": null, "published": true, "language": "en", "page": 1, "has_url_overwrite": false, "publisher_is_draft": true, "creation_date": "2017-10-24T08:13:14.281Z"}, "model": "cms.title"}, {"pk": 2, "fields": {"title": "Home", "meta_description": null, "menu_title": null, "slug": "home", "publisher_state": 0, "redirect": null, "path": "", "publisher_public": 1, "page_title": null, "published": true, "language": "en", "page": 2, "has_url_overwrite": false, "publisher_is_draft": false, "creation_date": "2017-10-24T08:13:14.281Z"}, "model": "cms.title"}, {"pk": 3, "fields": {"title": "Blog", "meta_description": null, "menu_title": null, "slug": "blog", "publisher_state": 0, "redirect": null, "path": "blog", "publisher_public": 5, "page_title": null, "published": true, "language": "en", "page": 3, "has_url_overwrite": false, "publisher_is_draft": true, "creation_date": "2017-10-24T08:13:38.168Z"}, "model": "cms.title"}, {"pk": 4, "fields": {"title": "Gallery", "meta_description": "", "menu_title": "", "slug": "gallery", "publisher_state": 0, "redirect": null, "path": "gallery", "publisher_public": 6, "page_title": "Gallery", "published": true, "language": "en", "page": 4, "has_url_overwrite": false, "publisher_is_draft": true, "creation_date": "2017-10-24T08:14:26.349Z"}, "model": "cms.title"}, {"pk": 5, "fields": {"title": "Blog", "meta_description": null, "menu_title": null, "slug": "blog", "publisher_state": 0, "redirect": null, "path": "blog", "publisher_public": 3, "page_title": null, "published": true, "language": "en", "page": 5, "has_url_overwrite": false, "publisher_is_draft": false, "creation_date": "2017-10-24T08:13:38.168Z"}, "model": "cms.title"}, {"pk": 6, "fields": {"title": "Gallery", "meta_description": "", "menu_title": "", "slug": "gallery", "publisher_state": 0, "redirect": null, "path": "gallery", "publisher_public": 4, "page_title": "Gallery", "published": true, "language": "en", "page": 6, "has_url_overwrite": false, "publisher_is_draft": false, "creation_date": "2017-10-24T08:14:26.349Z"}, "model": "cms.title"}, {"pk": 7, "fields": {"title": "Photo Portrait", "meta_description": "", "menu_title": "", "slug": "photo-portrait", "publisher_state": 0, "redirect": null, "path": "gallery/photo-portrait", "publisher_public": 8, "page_title": "Photo Portrait", "published": true, "language": "en", "page": 7, "has_url_overwrite": false, "publisher_is_draft": true, "creation_date": "2017-10-24T08:18:13.339Z"}, "model": "cms.title"}, {"pk": 8, "fields": {"title": "Photo Portrait", "meta_description": "", "menu_title": "", "slug": "photo-portrait", "publisher_state": 0, "redirect": null, "path": "gallery/photo-portrait", "publisher_public": 7, "page_title": "Photo Portrait", "published": true, "language": "en", "page": 8, "has_url_overwrite": false, "publisher_is_draft": false, "creation_date": "2017-10-24T08:18:13.339Z"}, "model": "cms.title"}, {"pk": 9, "fields": {"title": "Photo Street", "meta_description": "", "menu_title": "", "slug": "photo-street", "publisher_state": 0, "redirect": null, "path": "gallery/photo-street", "publisher_public": 10, "page_title": "Photo Street", "published": true, "language": "en", "page": 9, "has_url_overwrite": false, "publisher_is_draft": true, "creation_date": "2017-10-24T08:19:16.113Z"}, "model": "cms.title"}, {"pk": 10, "fields": {"title": "Photo Street", "meta_description": "", "menu_title": "", "slug": "photo-street", "publisher_state": 0, "redirect": null, "path": "gallery/photo-street", "publisher_public": 9, "page_title": "Photo Street", "published": true, "language": "en", "page": 10, "has_url_overwrite": false, "publisher_is_draft": false, "creation_date": "2017-10-24T08:19:16.113Z"}, "model": "cms.title"}, {"pk": 11, "fields": {"title": "Photo Landscape", "meta_description": "", "menu_title": "", "slug": "photo-landscape", "publisher_state": 0, "redirect": null, "path": "gallery/photo-landscape", "publisher_public": 12, "page_title": "Photo Lanscape", "published": true, "language": "en", "page": 11, "has_url_overwrite": false, "publisher_is_draft": true, "creation_date": "2017-10-24T08:20:04.553Z"}, "model": "cms.title"}, {"pk": 12, "fields": {"title": "Photo Landscape", "meta_description": "", "menu_title": "", "slug": "photo-landscape", "publisher_state": 0, "redirect": null, "path": "gallery/photo-landscape", "publisher_public": 11, "page_title": "Photo Lanscape", "published": true, "language": "en", "page": 12, "has_url_overwrite": false, "publisher_is_draft": false, "creation_date": "2017-10-24T08:20:04.553Z"}, "model": "cms.title"}, {"pk": 1, "fields": {"public": 7, "dirty": false, "draft": 6, "site": null, "code": "logo", "creation_method": "template", "name": ""}, "model": "cms.staticplaceholder"}, {"pk": 2, "fields": {"public": 9, "dirty": true, "draft": 8, "site": null, "code": "footer", "creation_method": "template", "name": ""}, "model": "cms.staticplaceholder"}, {"pk": 1, "fields": {"revision": "a4b973e1-c8c4-4691-babd-c8dd903a2fea"}, "model": "cms.urlconfrevision"}, {"pk": 11, "fields": {"site": 1, "key": "menu_cache_menu_nodes_en_1_1_user:draft", "language": "en"}, "model": "menus.cachekey"}, {"pk": 12, "fields": {"site": 1, "key": "menu_cache_menu_nodes_en_1:public", "language": "en"}, "model": "menus.cachekey"}, {"pk": 13, "fields": {"site": 1, "key": "menu_cache_menu_nodes_en_1_1_user:public", "language": "en"}, "model": "menus.cachekey"}, {"pk": 2, "fields": {"text_5": "page5", "link_url_9": "http://127.0.0.1:8000/en/blog/post/1/", "logo_twitter": "footer_logo/IMG_20170917_134341.jpg", "text_8": "page8", "cpright_field": "@Copyright 2017", "link_url_7": "http://127.0.0.1:8000/en/blog/post/1/", "link_url_2": "http://127.0.0.1:8000/en/blog/post/1/", "text_weibo": "Weibo", "text_twitter": "Twitter", "link_url_5": "http://127.0.0.1:8000/en/blog/post/1/", "link_url_6": "http://127.0.0.1:8000/en/blog/post/1/", "link_url_8": "http://127.0.0.1:8000/en/blog/post/1/", "link_url_3": "http://127.0.0.1:8000/en/blog/post/1/", "text_6": "page6", "text_2": "page2", "text_4": "page4", "logo_facebook": "footer_logo/IMG_20170917_115738_CVX4MNa.jpg", "logo": "footer_logo/IMG_20170917_115738.jpg", "text_facebook": "Facebook", "text_3": "page3", "text_9": "page9", "link_url_1": "http://127.0.0.1:8000/en/blog/post/1/", "text_1": "page1", "logo_weibo": "footer_logo/IMG_20170917_115441.jpg", "link_url_4": "http://127.0.0.1:8000/en/blog/post/1/", "text_7": "page7"}, "model": "photoblog_plugins.footer_new"}, {"pk": 1, "fields": {"image_2": "carousel/IMG_20170915_135450.jpg", "title_1": "d", "text_1": "d", "image_3": "carousel/IMG_20170917_114801.jpg", "text_2": "d", "image_1": "carousel/IMG_20170910_212816.jpg", "name_2": "d", "text_3": "d", "title_3": "d", "name_1": "d", "name_3": "d", "title_2": "d"}, "model": "photoblog_plugins.carousel"}, {"pk": 1, "fields": {"title": "post1", "date": null, "post_image": "post_image/IMG_20170917_115019.jpg", "category": 1, "content": "<p>QSDFQSD</p>\n", "image_name": "d"}, "model": "blog.post"}, {"pk": 2, "fields": {"title": "post2", "date": null, "post_image": "post_image/IMG_20170917_134341.jpg", "category": 2, "content": "<p>QSDFQS</p>\n", "image_name": "qsdf"}, "model": "blog.post"}, {"pk": 1, "fields": {"title": "Category 1"}, "model": "blog.category"}, {"pk": 2, "fields": {"title": "Category 2"}, "model": "blog.category"}, {"pk": 1, "fields": {"content_type": 1, "codename": "use_structure", "name": "Can use Structure mode"}, "model": "auth.permission"}, {"pk": 2, "fields": {"content_type": 2, "codename": "change_page", "name": "Can change page"}, "model": "auth.permission"}, {"pk": 3, "fields": {"content_type": 3, "codename": "add_permission", "name": "Can add permission"}, "model": "auth.permission"}, {"pk": 4, "fields": {"content_type": 3, "codename": "change_permission", "name": "Can change permission"}, "model": "auth.permission"}, {"pk": 5, "fields": {"content_type": 3, "codename": "delete_permission", "name": "Can delete permission"}, "model": "auth.permission"}, {"pk": 6, "fields": {"content_type": 4, "codename": "add_group", "name": "Can add group"}, "model": "auth.permission"}, {"pk": 7, "fields": {"content_type": 4, "codename": "change_group", "name": "Can change group"}, "model": "auth.permission"}, {"pk": 8, "fields": {"content_type": 4, "codename": "delete_group", "name": "Can delete group"}, "model": "auth.permission"}, {"pk": 9, "fields": {"content_type": 5, "codename": "add_user", "name": "Can add user"}, "model": "auth.permission"}, {"pk": 10, "fields": {"content_type": 5, "codename": "change_user", "name": "Can change user"}, "model": "auth.permission"}, {"pk": 11, "fields": {"content_type": 5, "codename": "delete_user", "name": "Can delete user"}, "model": "auth.permission"}, {"pk": 12, "fields": {"content_type": 6, "codename": "add_contenttype", "name": "Can add content type"}, "model": "auth.permission"}, {"pk": 13, "fields": {"content_type": 6, "codename": "change_contenttype", "name": "Can change content type"}, "model": "auth.permission"}, {"pk": 14, "fields": {"content_type": 6, "codename": "delete_contenttype", "name": "Can delete content type"}, "model": "auth.permission"}, {"pk": 15, "fields": {"content_type": 7, "codename": "add_session", "name": "Can add session"}, "model": "auth.permission"}, {"pk": 16, "fields": {"content_type": 7, "codename": "change_session", "name": "Can change session"}, "model": "auth.permission"}, {"pk": 17, "fields": {"content_type": 7, "codename": "delete_session", "name": "Can delete session"}, "model": "auth.permission"}, {"pk": 18, "fields": {"content_type": 8, "codename": "add_logentry", "name": "Can add log entry"}, "model": "auth.permission"}, {"pk": 19, "fields": {"content_type": 8, "codename": "change_logentry", "name": "Can change log entry"}, "model": "auth.permission"}, {"pk": 20, "fields": {"content_type": 8, "codename": "delete_logentry", "name": "Can delete log entry"}, "model": "auth.permission"}, {"pk": 21, "fields": {"content_type": 9, "codename": "add_site", "name": "Can add site"}, "model": "auth.permission"}, {"pk": 22, "fields": {"content_type": 9, "codename": "change_site", "name": "Can change site"}, "model": "auth.permission"}, {"pk": 23, "fields": {"content_type": 9, "codename": "delete_site", "name": "Can delete site"}, "model": "auth.permission"}, {"pk": 24, "fields": {"content_type": 10, "codename": "add_comment", "name": "Can add comment"}, "model": "auth.permission"}, {"pk": 25, "fields": {"content_type": 10, "codename": "change_comment", "name": "Can change comment"}, "model": "auth.permission"}, {"pk": 26, "fields": {"content_type": 10, "codename": "delete_comment", "name": "Can delete comment"}, "model": "auth.permission"}, {"pk": 27, "fields": {"content_type": 10, "codename": "can_moderate", "name": "Can moderate comments"}, "model": "auth.permission"}, {"pk": 28, "fields": {"content_type": 11, "codename": "add_commentflag", "name": "Can add comment flag"}, "model": "auth.permission"}, {"pk": 29, "fields": {"content_type": 11, "codename": "change_commentflag", "name": "Can change comment flag"}, "model": "auth.permission"}, {"pk": 30, "fields": {"content_type": 11, "codename": "delete_commentflag", "name": "Can delete comment flag"}, "model": "auth.permission"}, {"pk": 31, "fields": {"content_type": 12, "codename": "add_usersettings", "name": "Can add user setting"}, "model": "auth.permission"}, {"pk": 32, "fields": {"content_type": 12, "codename": "change_usersettings", "name": "Can change user setting"}, "model": "auth.permission"}, {"pk": 33, "fields": {"content_type": 12, "codename": "delete_usersettings", "name": "Can delete user setting"}, "model": "auth.permission"}, {"pk": 34, "fields": {"content_type": 2, "codename": "add_page", "name": "Can add page"}, "model": "auth.permission"}, {"pk": 35, "fields": {"content_type": 2, "codename": "delete_page", "name": "Can delete page"}, "model": "auth.permission"}, {"pk": 36, "fields": {"content_type": 2, "codename": "view_page", "name": "Can view page"}, "model": "auth.permission"}, {"pk": 37, "fields": {"content_type": 2, "codename": "publish_page", "name": "Can publish page"}, "model": "auth.permission"}, {"pk": 38, "fields": {"content_type": 2, "codename": "edit_static_placeholder", "name": "Can edit static placeholders"}, "model": "auth.permission"}, {"pk": 39, "fields": {"content_type": 13, "codename": "add_globalpagepermission", "name": "Can add Page global permission"}, "model": "auth.permission"}, {"pk": 40, "fields": {"content_type": 13, "codename": "change_globalpagepermission", "name": "Can change Page global permission"}, "model": "auth.permission"}, {"pk": 41, "fields": {"content_type": 13, "codename": "delete_globalpagepermission", "name": "Can delete Page global permission"}, "model": "auth.permission"}, {"pk": 42, "fields": {"content_type": 14, "codename": "add_pagepermission", "name": "Can add Page permission"}, "model": "auth.permission"}, {"pk": 43, "fields": {"content_type": 14, "codename": "change_pagepermission", "name": "Can change Page permission"}, "model": "auth.permission"}, {"pk": 44, "fields": {"content_type": 14, "codename": "delete_pagepermission", "name": "Can delete Page permission"}, "model": "auth.permission"}, {"pk": 45, "fields": {"content_type": 15, "codename": "add_pageuser", "name": "Can add User (page)"}, "model": "auth.permission"}, {"pk": 46, "fields": {"content_type": 15, "codename": "change_pageuser", "name": "Can change User (page)"}, "model": "auth.permission"}, {"pk": 47, "fields": {"content_type": 15, "codename": "delete_pageuser", "name": "Can delete User (page)"}, "model": "auth.permission"}, {"pk": 48, "fields": {"content_type": 16, "codename": "add_pageusergroup", "name": "Can add User group (page)"}, "model": "auth.permission"}, {"pk": 49, "fields": {"content_type": 16, "codename": "change_pageusergroup", "name": "Can change User group (page)"}, "model": "auth.permission"}, {"pk": 50, "fields": {"content_type": 16, "codename": "delete_pageusergroup", "name": "Can delete User group (page)"}, "model": "auth.permission"}, {"pk": 51, "fields": {"content_type": 1, "codename": "add_placeholder", "name": "Can add placeholder"}, "model": "auth.permission"}, {"pk": 52, "fields": {"content_type": 1, "codename": "change_placeholder", "name": "Can change placeholder"}, "model": "auth.permission"}, {"pk": 53, "fields": {"content_type": 1, "codename": "delete_placeholder", "name": "Can delete placeholder"}, "model": "auth.permission"}, {"pk": 54, "fields": {"content_type": 17, "codename": "add_cmsplugin", "name": "Can add cms plugin"}, "model": "auth.permission"}, {"pk": 55, "fields": {"content_type": 17, "codename": "change_cmsplugin", "name": "Can change cms plugin"}, "model": "auth.permission"}, {"pk": 56, "fields": {"content_type": 17, "codename": "delete_cmsplugin", "name": "Can delete cms plugin"}, "model": "auth.permission"}, {"pk": 57, "fields": {"content_type": 18, "codename": "add_title", "name": "Can add title"}, "model": "auth.permission"}, {"pk": 58, "fields": {"content_type": 18, "codename": "change_title", "name": "Can change title"}, "model": "auth.permission"}, {"pk": 59, "fields": {"content_type": 18, "codename": "delete_title", "name": "Can delete title"}, "model": "auth.permission"}, {"pk": 60, "fields": {"content_type": 19, "codename": "add_placeholderreference", "name": "Can add placeholder reference"}, "model": "auth.permission"}, {"pk": 61, "fields": {"content_type": 19, "codename": "change_placeholderreference", "name": "Can change placeholder reference"}, "model": "auth.permission"}, {"pk": 62, "fields": {"content_type": 19, "codename": "delete_placeholderreference", "name": "Can delete placeholder reference"}, "model": "auth.permission"}, {"pk": 63, "fields": {"content_type": 20, "codename": "add_staticplaceholder", "name": "Can add static placeholder"}, "model": "auth.permission"}, {"pk": 64, "fields": {"content_type": 20, "codename": "change_staticplaceholder", "name": "Can change static placeholder"}, "model": "auth.permission"}, {"pk": 65, "fields": {"content_type": 20, "codename": "delete_staticplaceholder", "name": "Can delete static placeholder"}, "model": "auth.permission"}, {"pk": 66, "fields": {"content_type": 21, "codename": "add_aliaspluginmodel", "name": "Can add alias plugin model"}, "model": "auth.permission"}, {"pk": 67, "fields": {"content_type": 21, "codename": "change_aliaspluginmodel", "name": "Can change alias plugin model"}, "model": "auth.permission"}, {"pk": 68, "fields": {"content_type": 21, "codename": "delete_aliaspluginmodel", "name": "Can delete alias plugin model"}, "model": "auth.permission"}, {"pk": 69, "fields": {"content_type": 22, "codename": "add_urlconfrevision", "name": "Can add urlconf revision"}, "model": "auth.permission"}, {"pk": 70, "fields": {"content_type": 22, "codename": "change_urlconfrevision", "name": "Can change urlconf revision"}, "model": "auth.permission"}, {"pk": 71, "fields": {"content_type": 22, "codename": "delete_urlconfrevision", "name": "Can delete urlconf revision"}, "model": "auth.permission"}, {"pk": 72, "fields": {"content_type": 23, "codename": "add_cachekey", "name": "Can add cache key"}, "model": "auth.permission"}, {"pk": 73, "fields": {"content_type": 23, "codename": "change_cachekey", "name": "Can change cache key"}, "model": "auth.permission"}, {"pk": 74, "fields": {"content_type": 23, "codename": "delete_cachekey", "name": "Can delete cache key"}, "model": "auth.permission"}, {"pk": 75, "fields": {"content_type": 24, "codename": "add_text", "name": "Can add text"}, "model": "auth.permission"}, {"pk": 76, "fields": {"content_type": 24, "codename": "change_text", "name": "Can change text"}, "model": "auth.permission"}, {"pk": 77, "fields": {"content_type": 24, "codename": "delete_text", "name": "Can delete text"}, "model": "auth.permission"}, {"pk": 78, "fields": {"content_type": 25, "codename": "add_folder", "name": "Can add Folder"}, "model": "auth.permission"}, {"pk": 79, "fields": {"content_type": 25, "codename": "change_folder", "name": "Can change Folder"}, "model": "auth.permission"}, {"pk": 80, "fields": {"content_type": 25, "codename": "delete_folder", "name": "Can delete Folder"}, "model": "auth.permission"}, {"pk": 81, "fields": {"content_type": 25, "codename": "can_use_directory_listing", "name": "Can use directory listing"}, "model": "auth.permission"}, {"pk": 82, "fields": {"content_type": 26, "codename": "add_folderpermission", "name": "Can add folder permission"}, "model": "auth.permission"}, {"pk": 83, "fields": {"content_type": 26, "codename": "change_folderpermission", "name": "Can change folder permission"}, "model": "auth.permission"}, {"pk": 84, "fields": {"content_type": 26, "codename": "delete_folderpermission", "name": "Can delete folder permission"}, "model": "auth.permission"}, {"pk": 85, "fields": {"content_type": 27, "codename": "add_file", "name": "Can add file"}, "model": "auth.permission"}, {"pk": 86, "fields": {"content_type": 27, "codename": "change_file", "name": "Can change file"}, "model": "auth.permission"}, {"pk": 87, "fields": {"content_type": 27, "codename": "delete_file", "name": "Can delete file"}, "model": "auth.permission"}, {"pk": 88, "fields": {"content_type": 28, "codename": "add_clipboard", "name": "Can add clipboard"}, "model": "auth.permission"}, {"pk": 89, "fields": {"content_type": 28, "codename": "change_clipboard", "name": "Can change clipboard"}, "model": "auth.permission"}, {"pk": 90, "fields": {"content_type": 28, "codename": "delete_clipboard", "name": "Can delete clipboard"}, "model": "auth.permission"}, {"pk": 91, "fields": {"content_type": 29, "codename": "add_clipboarditem", "name": "Can add clipboard item"}, "model": "auth.permission"}, {"pk": 92, "fields": {"content_type": 29, "codename": "change_clipboarditem", "name": "Can change clipboard item"}, "model": "auth.permission"}, {"pk": 93, "fields": {"content_type": 29, "codename": "delete_clipboarditem", "name": "Can delete clipboard item"}, "model": "auth.permission"}, {"pk": 94, "fields": {"content_type": 30, "codename": "add_image", "name": "Can add image"}, "model": "auth.permission"}, {"pk": 95, "fields": {"content_type": 30, "codename": "change_image", "name": "Can change image"}, "model": "auth.permission"}, {"pk": 96, "fields": {"content_type": 30, "codename": "delete_image", "name": "Can delete image"}, "model": "auth.permission"}, {"pk": 97, "fields": {"content_type": 31, "codename": "add_thumbnailoption", "name": "Can add thumbnail option"}, "model": "auth.permission"}, {"pk": 98, "fields": {"content_type": 31, "codename": "change_thumbnailoption", "name": "Can change thumbnail option"}, "model": "auth.permission"}, {"pk": 99, "fields": {"content_type": 31, "codename": "delete_thumbnailoption", "name": "Can delete thumbnail option"}, "model": "auth.permission"}, {"pk": 100, "fields": {"content_type": 32, "codename": "add_source", "name": "Can add source"}, "model": "auth.permission"}, {"pk": 101, "fields": {"content_type": 32, "codename": "change_source", "name": "Can change source"}, "model": "auth.permission"}, {"pk": 102, "fields": {"content_type": 32, "codename": "delete_source", "name": "Can delete source"}, "model": "auth.permission"}, {"pk": 103, "fields": {"content_type": 33, "codename": "add_thumbnail", "name": "Can add thumbnail"}, "model": "auth.permission"}, {"pk": 104, "fields": {"content_type": 33, "codename": "change_thumbnail", "name": "Can change thumbnail"}, "model": "auth.permission"}, {"pk": 105, "fields": {"content_type": 33, "codename": "delete_thumbnail", "name": "Can delete thumbnail"}, "model": "auth.permission"}, {"pk": 106, "fields": {"content_type": 34, "codename": "add_thumbnaildimensions", "name": "Can add thumbnail dimensions"}, "model": "auth.permission"}, {"pk": 107, "fields": {"content_type": 34, "codename": "change_thumbnaildimensions", "name": "Can change thumbnail dimensions"}, "model": "auth.permission"}, {"pk": 108, "fields": {"content_type": 34, "codename": "delete_thumbnaildimensions", "name": "Can delete thumbnail dimensions"}, "model": "auth.permission"}, {"pk": 109, "fields": {"content_type": 35, "codename": "add_filerfile", "name": "Can add filer file"}, "model": "auth.permission"}, {"pk": 110, "fields": {"content_type": 35, "codename": "change_filerfile", "name": "Can change filer file"}, "model": "auth.permission"}, {"pk": 111, "fields": {"content_type": 35, "codename": "delete_filerfile", "name": "Can delete filer file"}, "model": "auth.permission"}, {"pk": 112, "fields": {"content_type": 36, "codename": "add_filerfolder", "name": "Can add filer folder"}, "model": "auth.permission"}, {"pk": 113, "fields": {"content_type": 36, "codename": "change_filerfolder", "name": "Can change filer folder"}, "model": "auth.permission"}, {"pk": 114, "fields": {"content_type": 36, "codename": "delete_filerfolder", "name": "Can delete filer folder"}, "model": "auth.permission"}, {"pk": 115, "fields": {"content_type": 37, "codename": "add_filerimage", "name": "Can add filer image"}, "model": "auth.permission"}, {"pk": 116, "fields": {"content_type": 37, "codename": "change_filerimage", "name": "Can change filer image"}, "model": "auth.permission"}, {"pk": 117, "fields": {"content_type": 37, "codename": "delete_filerimage", "name": "Can delete filer image"}, "model": "auth.permission"}, {"pk": 118, "fields": {"content_type": 38, "codename": "add_filervideo", "name": "Can add filer video"}, "model": "auth.permission"}, {"pk": 119, "fields": {"content_type": 38, "codename": "change_filervideo", "name": "Can change filer video"}, "model": "auth.permission"}, {"pk": 120, "fields": {"content_type": 38, "codename": "delete_filervideo", "name": "Can delete filer video"}, "model": "auth.permission"}, {"pk": 121, "fields": {"content_type": 39, "codename": "add_style", "name": "Can add style"}, "model": "auth.permission"}, {"pk": 122, "fields": {"content_type": 39, "codename": "change_style", "name": "Can change style"}, "model": "auth.permission"}, {"pk": 123, "fields": {"content_type": 39, "codename": "delete_style", "name": "Can delete style"}, "model": "auth.permission"}, {"pk": 124, "fields": {"content_type": 40, "codename": "add_snippet", "name": "Can add Snippet"}, "model": "auth.permission"}, {"pk": 125, "fields": {"content_type": 40, "codename": "change_snippet", "name": "Can change Snippet"}, "model": "auth.permission"}, {"pk": 126, "fields": {"content_type": 40, "codename": "delete_snippet", "name": "Can delete Snippet"}, "model": "auth.permission"}, {"pk": 127, "fields": {"content_type": 41, "codename": "add_snippetptr", "name": "Can add Snippet"}, "model": "auth.permission"}, {"pk": 128, "fields": {"content_type": 41, "codename": "change_snippetptr", "name": "Can change Snippet"}, "model": "auth.permission"}, {"pk": 129, "fields": {"content_type": 41, "codename": "delete_snippetptr", "name": "Can delete Snippet"}, "model": "auth.permission"}, {"pk": 130, "fields": {"content_type": 42, "codename": "add_multicolumns", "name": "Can add multi columns"}, "model": "auth.permission"}, {"pk": 131, "fields": {"content_type": 42, "codename": "change_multicolumns", "name": "Can change multi columns"}, "model": "auth.permission"}, {"pk": 132, "fields": {"content_type": 42, "codename": "delete_multicolumns", "name": "Can delete multi columns"}, "model": "auth.permission"}, {"pk": 133, "fields": {"content_type": 43, "codename": "add_column", "name": "Can add column"}, "model": "auth.permission"}, {"pk": 134, "fields": {"content_type": 43, "codename": "change_column", "name": "Can change column"}, "model": "auth.permission"}, {"pk": 135, "fields": {"content_type": 43, "codename": "delete_column", "name": "Can delete column"}, "model": "auth.permission"}, {"pk": 136, "fields": {"content_type": 44, "codename": "add_link", "name": "Can add link"}, "model": "auth.permission"}, {"pk": 137, "fields": {"content_type": 44, "codename": "change_link", "name": "Can change link"}, "model": "auth.permission"}, {"pk": 138, "fields": {"content_type": 44, "codename": "delete_link", "name": "Can delete link"}, "model": "auth.permission"}, {"pk": 139, "fields": {"content_type": 45, "codename": "add_file", "name": "Can add file"}, "model": "auth.permission"}, {"pk": 140, "fields": {"content_type": 45, "codename": "change_file", "name": "Can change file"}, "model": "auth.permission"}, {"pk": 141, "fields": {"content_type": 45, "codename": "delete_file", "name": "Can delete file"}, "model": "auth.permission"}, {"pk": 142, "fields": {"content_type": 46, "codename": "add_folder", "name": "Can add folder"}, "model": "auth.permission"}, {"pk": 143, "fields": {"content_type": 46, "codename": "change_folder", "name": "Can change folder"}, "model": "auth.permission"}, {"pk": 144, "fields": {"content_type": 46, "codename": "delete_folder", "name": "Can delete folder"}, "model": "auth.permission"}, {"pk": 145, "fields": {"content_type": 47, "codename": "add_picture", "name": "Can add picture"}, "model": "auth.permission"}, {"pk": 146, "fields": {"content_type": 47, "codename": "change_picture", "name": "Can change picture"}, "model": "auth.permission"}, {"pk": 147, "fields": {"content_type": 47, "codename": "delete_picture", "name": "Can delete picture"}, "model": "auth.permission"}, {"pk": 148, "fields": {"content_type": 48, "codename": "add_googlemap", "name": "Can add google map"}, "model": "auth.permission"}, {"pk": 149, "fields": {"content_type": 48, "codename": "change_googlemap", "name": "Can change google map"}, "model": "auth.permission"}, {"pk": 150, "fields": {"content_type": 48, "codename": "delete_googlemap", "name": "Can delete google map"}, "model": "auth.permission"}, {"pk": 151, "fields": {"content_type": 49, "codename": "add_googlemapmarker", "name": "Can add google map marker"}, "model": "auth.permission"}, {"pk": 152, "fields": {"content_type": 49, "codename": "change_googlemapmarker", "name": "Can change google map marker"}, "model": "auth.permission"}, {"pk": 153, "fields": {"content_type": 49, "codename": "delete_googlemapmarker", "name": "Can delete google map marker"}, "model": "auth.permission"}, {"pk": 154, "fields": {"content_type": 50, "codename": "add_googlemaproute", "name": "Can add google map route"}, "model": "auth.permission"}, {"pk": 155, "fields": {"content_type": 50, "codename": "change_googlemaproute", "name": "Can change google map route"}, "model": "auth.permission"}, {"pk": 156, "fields": {"content_type": 50, "codename": "delete_googlemaproute", "name": "Can delete google map route"}, "model": "auth.permission"}, {"pk": 157, "fields": {"content_type": 51, "codename": "add_videoplayer", "name": "Can add video player"}, "model": "auth.permission"}, {"pk": 158, "fields": {"content_type": 51, "codename": "change_videoplayer", "name": "Can change video player"}, "model": "auth.permission"}, {"pk": 159, "fields": {"content_type": 51, "codename": "delete_videoplayer", "name": "Can delete video player"}, "model": "auth.permission"}, {"pk": 160, "fields": {"content_type": 52, "codename": "add_videosource", "name": "Can add video source"}, "model": "auth.permission"}, {"pk": 161, "fields": {"content_type": 52, "codename": "change_videosource", "name": "Can change video source"}, "model": "auth.permission"}, {"pk": 162, "fields": {"content_type": 52, "codename": "delete_videosource", "name": "Can delete video source"}, "model": "auth.permission"}, {"pk": 163, "fields": {"content_type": 53, "codename": "add_videotrack", "name": "Can add video track"}, "model": "auth.permission"}, {"pk": 164, "fields": {"content_type": 53, "codename": "change_videotrack", "name": "Can change video track"}, "model": "auth.permission"}, {"pk": 165, "fields": {"content_type": 53, "codename": "delete_videotrack", "name": "Can delete video track"}, "model": "auth.permission"}, {"pk": 166, "fields": {"content_type": 54, "codename": "add_flash", "name": "Can add flash"}, "model": "auth.permission"}, {"pk": 167, "fields": {"content_type": 54, "codename": "change_flash", "name": "Can change flash"}, "model": "auth.permission"}, {"pk": 168, "fields": {"content_type": 54, "codename": "delete_flash", "name": "Can delete flash"}, "model": "auth.permission"}, {"pk": 169, "fields": {"content_type": 55, "codename": "add_my_pictures", "name": "Can add My Picture"}, "model": "auth.permission"}, {"pk": 170, "fields": {"content_type": 55, "codename": "change_my_pictures", "name": "Can change My Picture"}, "model": "auth.permission"}, {"pk": 171, "fields": {"content_type": 55, "codename": "delete_my_pictures", "name": "Can delete My Picture"}, "model": "auth.permission"}, {"pk": 172, "fields": {"content_type": 56, "codename": "add_image_link_new", "name": "Can add Image Link"}, "model": "auth.permission"}, {"pk": 173, "fields": {"content_type": 56, "codename": "change_image_link_new", "name": "Can change Image Link"}, "model": "auth.permission"}, {"pk": 174, "fields": {"content_type": 56, "codename": "delete_image_link_new", "name": "Can delete Image Link"}, "model": "auth.permission"}, {"pk": 175, "fields": {"content_type": 57, "codename": "add_footer_new", "name": "Can add Footer"}, "model": "auth.permission"}, {"pk": 176, "fields": {"content_type": 57, "codename": "change_footer_new", "name": "Can change Footer"}, "model": "auth.permission"}, {"pk": 177, "fields": {"content_type": 57, "codename": "delete_footer_new", "name": "Can delete Footer"}, "model": "auth.permission"}, {"pk": 178, "fields": {"content_type": 58, "codename": "add_galary", "name": "Can add Galary"}, "model": "auth.permission"}, {"pk": 179, "fields": {"content_type": 58, "codename": "change_galary", "name": "Can change Galary"}, "model": "auth.permission"}, {"pk": 180, "fields": {"content_type": 58, "codename": "delete_galary", "name": "Can delete Galary"}, "model": "auth.permission"}, {"pk": 181, "fields": {"content_type": 59, "codename": "add_carousel", "name": "Can add Carousel"}, "model": "auth.permission"}, {"pk": 182, "fields": {"content_type": 59, "codename": "change_carousel", "name": "Can change Carousel"}, "model": "auth.permission"}, {"pk": 183, "fields": {"content_type": 59, "codename": "delete_carousel", "name": "Can delete Carousel"}, "model": "auth.permission"}, {"pk": 184, "fields": {"content_type": 60, "codename": "add_post", "name": "Can add post"}, "model": "auth.permission"}, {"pk": 185, "fields": {"content_type": 60, "codename": "change_post", "name": "Can change post"}, "model": "auth.permission"}, {"pk": 186, "fields": {"content_type": 60, "codename": "delete_post", "name": "Can delete post"}, "model": "auth.permission"}, {"pk": 187, "fields": {"content_type": 61, "codename": "add_category", "name": "Can add category"}, "model": "auth.permission"}, {"pk": 188, "fields": {"content_type": 61, "codename": "change_category", "name": "Can change category"}, "model": "auth.permission"}, {"pk": 189, "fields": {"content_type": 61, "codename": "delete_category", "name": "Can delete category"}, "model": "auth.permission"}, {"pk": 190, "fields": {"content_type": 62, "codename": "add_photolandscape", "name": "Can add photo landscape"}, "model": "auth.permission"}, {"pk": 191, "fields": {"content_type": 62, "codename": "change_photolandscape", "name": "Can change photo landscape"}, "model": "auth.permission"}, {"pk": 192, "fields": {"content_type": 62, "codename": "delete_photolandscape", "name": "Can delete photo landscape"}, "model": "auth.permission"}, {"pk": 193, "fields": {"content_type": 63, "codename": "add_photostreet", "name": "Can add photo street"}, "model": "auth.permission"}, {"pk": 194, "fields": {"content_type": 63, "codename": "change_photostreet", "name": "Can change photo street"}, "model": "auth.permission"}, {"pk": 195, "fields": {"content_type": 63, "codename": "delete_photostreet", "name": "Can delete photo street"}, "model": "auth.permission"}, {"pk": 196, "fields": {"content_type": 64, "codename": "add_photoportrait", "name": "Can add photo portrait"}, "model": "auth.permission"}, {"pk": 197, "fields": {"content_type": 64, "codename": "change_photoportrait", "name": "Can change photo portrait"}, "model": "auth.permission"}, {"pk": 198, "fields": {"content_type": 64, "codename": "delete_photoportrait", "name": "Can delete photo portrait"}, "model": "auth.permission"}, {"pk": 1, "fields": {"is_active": true, "user_permissions": [], "last_name": "", "date_joined": "2017-10-23T16:33:33.063Z", "last_login": "2017-12-11T14:37:53.570Z", "groups": [], "is_superuser": true, "email": "", "username": "admin", "first_name": "", "is_staff": true, "password": "pbkdf2_sha256$20000$CXETFO0w6cWA$CBlAbDEabBIi+UpAc3cCN5EvBcxtFVFnTDk34TGpxww="}, "model": "auth.user"}, {"pk": 1, "fields": {"user": 1, "content_type": 2, "change_message": "Changed application_urls and xframe_options.", "object_repr": "Blog", "action_time": "2017-10-24T08:13:56.462Z", "object_id": "3", "action_flag": 2}, "model": "admin.logentry"}, {"pk": 2, "fields": {"user": 1, "content_type": 2, "change_message": "Changed application_urls, application_namespace and xframe_options.", "object_repr": "Gallery", "action_time": "2017-10-24T08:14:48.073Z", "object_id": "4", "action_flag": 2}, "model": "admin.logentry"}, {"pk": 3, "fields": {"user": 1, "content_type": 2, "change_message": "Changed page_title.", "object_repr": "Gallery", "action_time": "2017-10-24T08:16:55.681Z", "object_id": "4", "action_flag": 2}, "model": "admin.logentry"}, {"pk": 4, "fields": {"user": 1, "content_type": 2, "change_message": "", "object_repr": "Blog", "action_time": "2017-10-24T08:17:19.925Z", "object_id": "3", "action_flag": 2}, "model": "admin.logentry"}, {"pk": 5, "fields": {"user": 1, "content_type": 2, "change_message": "", "object_repr": "Gallery", "action_time": "2017-10-24T08:17:25.474Z", "object_id": "4", "action_flag": 2}, "model": "admin.logentry"}, {"pk": 6, "fields": {"user": 1, "content_type": 2, "change_message": "", "object_repr": "Photo Portrait", "action_time": "2017-10-24T08:18:13.347Z", "object_id": "7", "action_flag": 1}, "model": "admin.logentry"}, {"pk": 7, "fields": {"user": 1, "content_type": 2, "change_message": "Changed application_urls, application_namespace and xframe_options.", "object_repr": "Photo Portrait", "action_time": "2017-10-24T08:18:32.649Z", "object_id": "7", "action_flag": 2}, "model": "admin.logentry"}, {"pk": 8, "fields": {"user": 1, "content_type": 2, "change_message": "", "object_repr": "Photo Portrait", "action_time": "2017-10-24T08:18:37.396Z", "object_id": "7", "action_flag": 2}, "model": "admin.logentry"}, {"pk": 9, "fields": {"user": 1, "content_type": 2, "change_message": "", "object_repr": "Photo Street", "action_time": "2017-10-24T08:19:16.121Z", "object_id": "9", "action_flag": 1}, "model": "admin.logentry"}, {"pk": 10, "fields": {"user": 1, "content_type": 2, "change_message": "Changed application_urls, application_namespace and xframe_options.", "object_repr": "Photo Street", "action_time": "2017-10-24T08:19:32.777Z", "object_id": "9", "action_flag": 2}, "model": "admin.logentry"}, {"pk": 11, "fields": {"user": 1, "content_type": 2, "change_message": "", "object_repr": "Photo Street", "action_time": "2017-10-24T08:19:36.567Z", "object_id": "9", "action_flag": 2}, "model": "admin.logentry"}, {"pk": 12, "fields": {"user": 1, "content_type": 2, "change_message": "", "object_repr": "Photo Landscape", "action_time": "2017-10-24T08:20:04.560Z", "object_id": "11", "action_flag": 1}, "model": "admin.logentry"}, {"pk": 13, "fields": {"user": 1, "content_type": 2, "change_message": "Changed application_urls, application_namespace and xframe_options.", "object_repr": "Photo Landscape", "action_time": "2017-10-24T08:20:26.004Z", "object_id": "11", "action_flag": 2}, "model": "admin.logentry"}, {"pk": 14, "fields": {"user": 1, "content_type": 2, "change_message": "", "object_repr": "Photo Landscape", "action_time": "2017-10-24T08:20:29.726Z", "object_id": "11", "action_flag": 2}, "model": "admin.logentry"}, {"pk": 15, "fields": {"user": 1, "content_type": 61, "change_message": "", "object_repr": "Category 1", "action_time": "2017-12-11T14:44:54.372Z", "object_id": "1", "action_flag": 1}, "model": "admin.logentry"}, {"pk": 16, "fields": {"user": 1, "content_type": 61, "change_message": "No fields changed.", "object_repr": "Category 1", "action_time": "2017-12-11T14:44:57.782Z", "object_id": "1", "action_flag": 2}, "model": "admin.logentry"}, {"pk": 17, "fields": {"user": 1, "content_type": 61, "change_message": "", "object_repr": "Category 2", "action_time": "2017-12-11T14:45:04.747Z", "object_id": "2", "action_flag": 1}, "model": "admin.logentry"}, {"pk": 18, "fields": {"user": 1, "content_type": 60, "change_message": "", "object_repr": "Post object", "action_time": "2017-12-11T14:45:40.405Z", "object_id": "1", "action_flag": 1}, "model": "admin.logentry"}, {"pk": 19, "fields": {"user": 1, "content_type": 60, "change_message": "", "object_repr": "Post object", "action_time": "2017-12-11T14:46:03.771Z", "object_id": "2", "action_flag": 1}, "model": "admin.logentry"}, {"pk": 1, "fields": {"is_public": true, "user_name": "admin", "user_url": "", "site": 1, "is_removed": false, "user_email": "", "submit_date": "2017-12-11T14:46:34.867Z", "user": 1, "content_type": 60, "ip_address": "127.0.0.1", "object_pk": "2", "comment": "QSDFQD"}, "model": "django_comments.comment"}, {"pk": 2, "fields": {"is_public": true, "user_name": "admin", "user_url": "", "site": 1, "is_removed": false, "user_email": "", "submit_date": "2017-12-11T14:46:39.940Z", "user": 1, "content_type": 60, "ip_address": "127.0.0.1", "object_pk": "2", "comment": "QSDFQS"}, "model": "django_comments.comment"}, {"pk": 1, "fields": {"user": 1, "clipboard": 1, "language": "en"}, "model": "cms.usersettings"}]